"Data Source","World Development Indicators",

"Last Updated Date","2022-05-25",

"Country Name","Country Code","Indicator Name","Indicator Code","1960","1961","1962","1963","1964","1965","1966","1967","1968","1969","1970","1971","1972","1973","1974","1975","1976","1977","1978","1979","1980","1981","1982","1983","1984","1985","1986","1987","1988","1989","1990","1991","1992","1993","1994","1995","1996","1997","1998","1999","2000","2001","2002","2003","2004","2005","2006","2007","2008","2009","2010","2011","2012","2013","2014","2015","2016","2017","2018","2019","2020","2021",
"Aruba","ABW","Nurses and midwives (per 1,000 people)","SH.MED.NUMW.P3","","","","","","","","","","","","","","","","","","","","","","","","","","","","","","","","","","","","","","","","","","","","","","","","","","","","","","","","","","","","","","",
"Africa Eastern and Southern","AFE","Nurses and midwives (per 1,000 people)","SH.MED.NUMW.P3","","","","","","","","","","","","","","","","","","","","","","","","","","","","","","","","","","","","","","","","","","","","","","","","","","","0.63569758853178","","","","","","","0.915676862593796","","","","",
"Afghanistan","AFG","Nurses and midwives (per 1,000 people)","SH.MED.NUMW.P3","","","","","","","","","","","","","","","","","","","","","","","","","","","","","","","","","","","","","","","","","","","","","","0.582","0.44","0.4956","0.4971","0.6078","","","","0.2495","0.1476","0.1299","0.1482","0.1755","0.4461","","","",
"Africa Western and Central","AFW","Nurses and midwives (per 1,000 people)","SH.MED.NUMW.P3","","","","","","","","","","","","","","","","","","","","","","","","","","","","","","","","","","","","","","","","","","","","","","","","","","","0.973418325188045","","","","","","","1.14944814832702","","","","",
"Angola","AGO","Nurses and midwives (per 1,000 people)","SH.MED.NUMW.P3","","","","","","","","","","","","","","","","","","","","","","","","","","","","","","","","","","","","","","0.9163","","","","","","","0.9854","","","","","1.3144","","","","0.0012","","","","","0.4075","","","",
"Albania","ALB","Nurses and midwives (per 1,000 people)","SH.MED.NUMW.P3","","","","","","","","","","","","","","","","","","","","","","","","","","","","","","","4.4993","","","4.9487","5.1514","4.5996","4.6097","4.6082","4.0923","4.0766","4.017","3.832","3.669","3.6042","3.5866","3.6076","4.1613","4.2011","","4.1894","4.0183","4.1761","4.4192","4.2892","","","3.6495","","","5.088","","",
"Andorra","AND","Nurses and midwives (per 1,000 people)","SH.MED.NUMW.P3","","","","","","","","","","","","","","","","","","","","","","","","","","","","","","","","","","","","2.457","","2.7061","2.9173","3.1677","3.318","3.1798","3.1286","2.9372","2.9096","3.3714","3.1975","3.3857","","3.6805","","","","","","4.0128","","","","","","",
"Arab World","ARB","Nurses and midwives (per 1,000 people)","SH.MED.NUMW.P3","","","","","","","","","","","","","","","","","","","","","","","","","","","","","","","","","","","","","","","","","","","","","","","","","","","","","","","","","","2.24058821874273","","","","",
"United Arab Emirates","ARE","Nurses and midwives (per 1,000 people)","SH.MED.NUMW.P3","","","","","","","","","","","","","","","","","","","","","","","","","","","","","","","2.832","3.8318","4.0017","3.8098","3.7073","3.5808","3.5643","3.5509","4.368","3.6409","3.401","3.7182","3.7976","3.9548","3.3515","2.9999","2.7999","2.9802","2.8181","2.9243","2.6529","2.8558","3.0099","3.3402","3.9589","4.9828","5.5311","5.6829","5.7271","","","",
"Argentina","ARG","Nurses and midwives (per 1,000 people)","SH.MED.NUMW.P3","","","","","","","","","","","","","","","","","","","","","","","","","","","","","","","","","2.0579","","2.151","","","","","","","","","","","","","","","","","","","","","","2.5821","2.5996","","","","",
"Armenia","ARM","Nurses and midwives (per 1,000 people)","SH.MED.NUMW.P3","","","","","","","","","","","","","","","","","","","","","","","","","","","","","","","","","","","","","","","","","5.9089","5.4519","5.1295","4.9382","4.8609","4.9884","5.1117","5.1419","5.1981","5.1799","5.2396","5.2988","5.2888","5.2009","5.1552","4.9535","4.5213","4.8516","4.3683","","","",
"American Samoa","ASM","Nurses and midwives (per 1,000 people)","SH.MED.NUMW.P3","","","","","","","","","","","","","","","","","","","","","","","","","","","","","","","","","","","","","","","","","","","","","","","","","","","","","","","","","","","","","","",
"Antigua and Barbuda","ATG","Nurses and midwives (per 1,000 people)","SH.MED.NUMW.P3","","","","","","","","","","","","","","","","","","","","","","","","","","","","","","","","","","","","","","","","3.1191","","","","","","","","3.2976","","","","","","4.6011","4.6868","4.5085","4.4868","4.4969","4.5171","","","",
"Australia","AUS","Nurses and midwives (per 1,000 people)","SH.MED.NUMW.P3","","","","","","","","","","","","","","","","","","","","","","","","","","","","","","","","","","","","","","","","","10.0871","10.5956","9.9917","9.9864","10.2374","9.7628","","10.1586","10.2627","10.7496","10.4017","10.8124","10.1433","11.9398","12.1107","12.2016","12.4053","14.5413","12.8134","13.2416","","",
"Austria","AUT","Nurses and midwives (per 1,000 people)","SH.MED.NUMW.P3","","","","","","","","","","","","","","","","","","","","","","","","","","","","","","","4.0247","4.1562","4.351","4.6025","4.9151","5.1019","5.2092","5.3303","5.4156","5.5684","5.6942","5.7417","5.843","5.8487","6.0964","6.1789","6.342","6.4122","6.5626","6.6734","6.7211","6.8065","6.8288","6.874","6.9807","7.0138","7.0183","7.0899","7.0891","","","",
"Azerbaijan","AZE","Nurses and midwives (per 1,000 people)","SH.MED.NUMW.P3","","","","","","","","","","","","","","","","","","","","","","","","","","","","","","","11.177","11.2828","10.8643","10.9107","10.5421","10.1528","9.866","9.4125","8.981","8.8796","8.6612","8.5509","8.3524","8.2922","8.1916","8.2422","8.2576","8.2338","8.1608","8.1077","7.3513","6.9594","6.8002","7.263","6.4338","","","","","","","",
"Burundi","BDI","Nurses and midwives (per 1,000 people)","SH.MED.NUMW.P3","","","","","","","","","","","","","","","","","","","","","","","","","","","","","","","","","","","","","","","","","","","","","0.189","","","","","","0.6885","0.6667","0.7032","0.6926","0.6951","0.666","","0.8526","","0.6628","","",
"Belgium","BEL","Nurses and midwives (per 1,000 people)","SH.MED.NUMW.P3","","","","","","","","","","","","","","","","","","","","","","","","","","","","","","","","","","","","","","","","","","","","5.829","9.181","9.4046","9.5324","9.6536","9.7552","9.8818","10.0931","10.3901","10.626","10.9082","11.1914","11.808","","","","","","",
"Benin","BEN","Nurses and midwives (per 1,000 people)","SH.MED.NUMW.P3","","","","","","","","","","","","","","","","","","","","","","","","","","","","","","","","","","","","","","","","","","","","","0.747","","","","0.8197","","0.452","0.4247","0.6802","0.582","","","0.7596","","0.3888","0.3029","","",
"Burkina Faso","BFA","Nurses and midwives (per 1,000 people)","SH.MED.NUMW.P3","","","","","","","","","","","","","","","","","","","","","","","","","","","","","","","","","","","","","","","","","","","","","0.5032","","","","0.3705","0.4045","0.554","0.4564","0.6312","0.4561","0.4607","0.6698","0.6586","0.8829","","0.9272","","",
"Bangladesh","BGD","Nurses and midwives (per 1,000 people)","SH.MED.NUMW.P3","","","","","","","","","","","","","","","","","","","","","","","","","","","","","","","","","","","","","","","","","","","","0.2754","","0.2839","0.2841","0.1625","0.1623","0.1714","0.183","0.1932","0.2067","0.21","0.256","0.275","0.2639","0.3163","0.4123","0.3916","","",
"Bulgaria","BGR","Nurses and midwives (per 1,000 people)","SH.MED.NUMW.P3","","","","","","","","","","","","","","","","","","","","","","","","","","","","","","","6.9393","6.5851","6.5985","6.8728","6.784","6.8845","6.9554","6.4976","6.5337","6.2906","4.4524","4.1972","4.0605","4.242","4.2851","4.5128","4.5902","4.7046","4.7381","4.7167","4.7182","4.727","4.82","4.9013","4.8554","4.8156","4.3314","4.3585","4.7853","","","",
"Bahrain","BHR","Nurses and midwives (per 1,000 people)","SH.MED.NUMW.P3","","","","","","","","","","","","","","","","","","","","","","","","","","","","","","","","","","","","","","","","","2.9807","3.1049","2.8717","2.8252","","2.6867","2.7181","","2.5624","2.523","2.4595","2.4973","2.4802","2.5042","2.4923","2.4944","","","","","","",
"Bahamas, The","BHS","Nurses and midwives (per 1,000 people)","SH.MED.NUMW.P3","","","","","","","","","","","","","","","","","","","","","","","","","","","","","","","","","","","","","","","4.5526","","","","","","","","","","4.0471","","","4.0545","","","","","","","4.5669","","","",
"Bosnia and Herzegovina","BIH","Nurses and midwives (per 1,000 people)","SH.MED.NUMW.P3","","","","","","","","","","","","","","","","","","","","","","","","","","","","","","","5.045","5.0216","","","","","","","","4.5141","4.4687","4.3968","4.4664","4.8341","4.8093","4.8687","4.9394","5.0221","5.1898","5.3096","5.4867","5.6085","5.8921","5.9005","6.1319","6.1798","5.4726","5.5647","5.7333","","","",
"Belarus","BLR","Nurses and midwives (per 1,000 people)","SH.MED.NUMW.P3","","","","","","","","","","","","","","","","","","","","","","","","","","","","","","","7.5223","7.1493","7.3861","7.753","7.4595","7.8804","7.9521","8.0398","9.423","9.6499","9.6648","9.7776","9.8952","9.7846","9.9291","10.0416","10.0877","10.1012","10.3691","10.5014","10.6145","10.6038","10.9154","10.8534","10.9823","11.0027","","","","","","",
"Belize","BLZ","Nurses and midwives (per 1,000 people)","SH.MED.NUMW.P3","","","","","","","","","","","","","","","","","","","","","","","","","","","","","","","","","","","","","","","","","1.2252","","","","","","","","","1.8112","","","1.1036","1.9555","2.0232","2.0948","2.1444","2.3922","2.3414","","","",
"Bermuda","BMU","Nurses and midwives (per 1,000 people)","SH.MED.NUMW.P3","","","","","","","","","","","","","","","","","","","","","","","","","","","","","","","","","","","","","","","","","","","","","","","","","","","","","","","","","","","","","","",
"Bolivia","BOL","Nurses and midwives (per 1,000 people)","SH.MED.NUMW.P3","","","","","","","","","","","","","","","","","","","","","","","","","","","","","","","","","","","","","","","","","","2.1085","","","","","","0.6084","","","0.8326","0.9928","","0.6961","","1.1914","1.1179","1.5589","","","","",
"Brazil","BRA","Nurses and midwives (per 1,000 people)","SH.MED.NUMW.P3","","","","","","","","","","","","","","","","","","","","","","","","","","","","","","","0.9495","","1.1451","1.2642","1.4166","1.5762","1.8444","2.0555","2.2744","2.5418","3.7709","2.9897","3.377","3.6596","3.7286","","","","","","","","","7.5635","8.788","9.1081","9.351","9.737","10.119","7.4008","","",
"Barbados","BRB","Nurses and midwives (per 1,000 people)","SH.MED.NUMW.P3","","","","","","","","","","","","","","","","","","","","","","","","","","","","","","","","","","","","5.1128","","","","","5.8269","5.7982","","","","4.7448","","","","","","","","","","","","","3.06","","","",
"Brunei Darussalam","BRN","Nurses and midwives (per 1,000 people)","SH.MED.NUMW.P3","","","","","","","","","","","","","","","","","","","","","","","","","","","","","","","","","","","","","","","","","3.8896","","6.113","","5.3561","5.4944","5.32","5.1067","5.116","5.1211","","","","","6.2958","6.6426","6.4721","6.0989","5.8974","","","",
"Bhutan","BTN","Nurses and midwives (per 1,000 people)","SH.MED.NUMW.P3","","","","","","","","","","","","","","","","","","","","","","","","","","","","","","","","","","","","","","","","","","","","","0.8062","","","0.8197","0.9917","","","","1.049","1.125","1.3308","1.47","1.5325","1.6349","1.8518","1.8294","","",
"Botswana","BWA","Nurses and midwives (per 1,000 people)","SH.MED.NUMW.P3","","","","","","","","","","","","","","","","","","","","","","","","","","","","","","","","","","","","","","","2.7066","3.1","2.6282","2.3849","2.4322","2.5657","2.6922","2.4835","2.7267","3.0738","2.9317","2.9772","2.9269","2.8858","2.8515","","","","","","","","","",
"Central African Republic","CAF","Nurses and midwives (per 1,000 people)","SH.MED.NUMW.P3","","","","","","","","","","","","","","","","","","","","","","","","","","","","","","","","","","","","","","","","","","","","","0.4073","","","","0.1954","0.2529","","","","0.1156","","0.2063","","","","","","",
"Canada","CAN","Nurses and midwives (per 1,000 people)","SH.MED.NUMW.P3","","","","","","","","","","","","","","","","","","","","","","","","","","","","","","","","","","","","","","","10.1846","","","10.0115","9.4707","","9.9067","9.9467","10.0236","10.1208","10.289","10.3743","9.3233","9.2368","9.3473","9.4788","9.7475","9.8188","9.9194","9.9491","9.9874","11.812","","",
"Central Europe and the Baltics","CEB","Nurses and midwives (per 1,000 people)","SH.MED.NUMW.P3","","","","","","","","","","","","","","","","","","","","","","","","","","","","","","","6.4764477648326","","","","","","","","","","6.04065793420991","","","","","","","","","","6.43314208227741","","","","","","","6.61361199284957","","","","",
"Switzerland","CHE","Nurses and midwives (per 1,000 people)","SH.MED.NUMW.P3","","","","","","","","","","","","","","","","","","","","","","","","","","","","","","","","","","","","","","","","","11.9413","11.9857","12.419","12.9689","12.8353","13.0032","13.3815","17.1303","17.5731","17.9576","19.204","19.9989","20.6223","21.0636","21.4844","22.1898","17.3278","17.5357","17.8949","","","",
"Channel Islands","CHI","Nurses and midwives (per 1,000 people)","SH.MED.NUMW.P3","","","","","","","","","","","","","","","","","","","","","","","","","","","","","","","","","","","","","","","","","","","","","","","","","","","","","","","","","","","","","","",
"Chile","CHL","Nurses and midwives (per 1,000 people)","SH.MED.NUMW.P3","","","","","","","","","","","","","","","","","","","","","","","","","","","","","","","","","","","","","","","","","","","","","","","","","","","","","","","9.2305","10.9776","11.2447","12.1372","13.3248","","","",
"China","CHN","Nurses and midwives (per 1,000 people)","SH.MED.NUMW.P3","","","","","","","","","","","","","","","","","","","","","","","","","","","","","","","0.8238","","","","","0.9024","0.924","0.9445","0.9531","0.9662","0.9763","","0.9483","0.9573","0.9836","","","","","","","","","1.9886","2.1349","2.2914","2.4665","2.6621","","","","",
"Cote d'Ivoire","CIV","Nurses and midwives (per 1,000 people)","SH.MED.NUMW.P3","","","","","","","","","","","","","","","","","","","","","","","","","","","","","","","","","","","","","","","","","","","","","0.5665","0.4897","","","0.4708","","","0.4619","","0.5719","0.6256","0.4689","0.5093","0.5558","0.6048","0.6556","","",
"Cameroon","CMR","Nurses and midwives (per 1,000 people)","SH.MED.NUMW.P3","","","","","","","","","","","","","","","","","","","","","","","","","","","","","","","","","","","","","","","","","","","","","","0.3781","","0.4392","","0.3853","0.5267","","","","","","","","","","","",
"Congo, Dem. Rep.","COD","Nurses and midwives (per 1,000 people)","SH.MED.NUMW.P3","","","","","","","","","","","","","","","","","","","","","","","","","","","","","","","","","","","","","","","","","","","","","0.529","","","","","","","","","0.86","","0.9479","","0.8974","1.1101","","","",
"Congo, Rep.","COG","Nurses and midwives (per 1,000 people)","SH.MED.NUMW.P3","","","","","","","","","","","","","","","","","","","","","","","","","","","","","","","","","","","","","","","","","","","","","1.046","","1.4021","0.9009","","","0.4369","1.7898","","0.9888","0.73","0.7932","0.9311","","","","","",
"Colombia","COL","Nurses and midwives (per 1,000 people)","SH.MED.NUMW.P3","","","","","","","","","","","","","","","","","","","","","","","","","","","","","","","0.4235","0.4352","0.4458","0.4561","0.4681","0.4794","0.4904","0.4984","0.5211","0.537","","0.5614","0.5857","0.5834","0.5946","","","","","","","","","","","","","","","","","",
"Comoros","COM","Nurses and midwives (per 1,000 people)","SH.MED.NUMW.P3","","","","","","","","","","","","","","","","","","","","","","","","","","","","","","","","","","","","","","","","","","","","","0.9846","0.5625","","","","0.7025","","","0.9214","0.3978","","","0.6285","","","","","",
"Cabo Verde","CPV","Nurses and midwives (per 1,000 people)","SH.MED.NUMW.P3","","","","","","","","","","","","","","","","","","","","","","","","","","","","","","","","","","","","","","","","","","","","","0.874","","","","","1.0191","1.1023","1.0884","1.0907","0.7876","0.9184","0.9491","1.1523","1.28","1.2983","","","",
"Costa Rica","CRI","Nurses and midwives (per 1,000 people)","SH.MED.NUMW.P3","","","","","","","","","","","","","","","","","","","","","","","","","","","","","","","","","","","","","","","","","","","","","","","","","","","","","","2.1666","2.394","2.6577","3.0053","3.1798","3.4144","","","",
"Caribbean small states","CSS","Nurses and midwives (per 1,000 people)","SH.MED.NUMW.P3","","","","","","","","","","","","","","","","","","","","","","","","","","","","","","","","","","","","","","","","","","","","","","","","","","","2.11324749285145","","","","","","","2.54765324772972","","","","",
"Cuba","CUB","Nurses and midwives (per 1,000 people)","SH.MED.NUMW.P3","","","","","","","","","","","","","","","","","","","","","","","","","","","","","","","","","","","","","","","","","","","7.4895","","","","","8.6925","","","9.1765","","8.1843","8.0977","","","7.8581","7.7286","7.5614","","","",
"Curacao","CUW","Nurses and midwives (per 1,000 people)","SH.MED.NUMW.P3","","","","","","","","","","","","","","","","","","","","","","","","","","","","","","","","","","","","","","","","","","","","","","","","","","","","","","","","","","","","","","",
"Cayman Islands","CYM","Nurses and midwives (per 1,000 people)","SH.MED.NUMW.P3","","","","","","","","","","","","","","","","","","","","","","","","","","","","","","","","","","","","","","","","","","","","","","","","","","","","","","","","","","","","","","",
"Cyprus","CYP","Nurses and midwives (per 1,000 people)","SH.MED.NUMW.P3","","","","","","","","","","","","","","","","","","","","","","","","","","","","","","","3.2325","3.1618","3.1526","3.2413","3.2565","3.2979","3.2631","3.2552","3.2321","3.1857","3.1072","3.0855","3.0645","3.0888","3.2136","3.0126","3.3257","3.375","3.2997","3.4651","3.5466","3.6878","3.6176","3.8648","3.913","4.0345","","","","","","",
"Czech Republic","CZE","Nurses and midwives (per 1,000 people)","SH.MED.NUMW.P3","","","","","","","","","","","","","","","","","","","","","","","","","","","","","","","7.7714","7.7167","7.7534","7.7192","7.7156","7.8741","7.8204","7.7847","7.7705","7.812","8.0392","8.2856","8.4313","8.4144","8.5046","8.496","8.4375","8.3986","8.3518","8.4737","8.4689","8.4046","8.4264","8.3526","8.2883","8.371","","","8.4246","","","",
"Germany","DEU","Nurses and midwives (per 1,000 people)","SH.MED.NUMW.P3","","","","","","","","","","","","","","","","","","","","","","","","","","","","","","","","","","","","","","","","","11.7198","11.8226","11.9703","12.2037","12.3337","12.4996","12.6423","12.8448","13.1005","13.4734","13.6093","13.79","13.9183","14.3395","12.7562","12.9115","12.8599","13.1142","13.4858","","","",
"Djibouti","DJI","Nurses and midwives (per 1,000 people)","SH.MED.NUMW.P3","","","","","","","","","","","","","","","","","","","","","","","","","","","","","","","","","","","","","","","","0.7043","","","0.7364","","0.3836","0.5746","","","","","","","","","0.7288","","","","","","","",
"Dominica","DMA","Nurses and midwives (per 1,000 people)","SH.MED.NUMW.P3","","","","","","","","","","","","","","","","","","","","","","","","","","","","","","","","","","","","","","4.4901","","","","6.2841","","","","","","","","","","","","6.6056","6.7651","6.6994","6.69","6.0979","","","","",
"Denmark","DNK","Nurses and midwives (per 1,000 people)","SH.MED.NUMW.P3","","","","","","","","","","","","","","","","","","","","","","","","","","","","","","","","","8.8992","8.977","8.9124","8.9499","9.0428","9.2912","9.4002","9.3575","9.5406","9.578","9.6931","9.5342","9.6891","9.8279","9.7904","9.5406","9.8167","10.0744","10.0978","10.1437","10.2296","10.2323","10.2216","10.2414","10.3195","10.4389","10.5515","","","",
"Dominican Republic","DOM","Nurses and midwives (per 1,000 people)","SH.MED.NUMW.P3","","","","","","","","","","","","","","","","","","","","","","","","","","","","","","","","","","","","","","","","","1.8122","","","","","","","","","1.3247","","1.3629","","1.4353","1.4497","1.4547","1.2069","1.1697","1.3731","1.4594","","",
"Algeria","DZA","Nurses and midwives (per 1,000 people)","SH.MED.NUMW.P3","","","","","","","","","","","","","","","","","","","","","","","","","","","","","","","","","","","","","","","","","","","2.1896","","","","","1.9293","","","","","","","","","2.243","2.2228","1.5477","","","",
"East Asia & Pacific (excluding high income)","EAP","Nurses and midwives (per 1,000 people)","SH.MED.NUMW.P3","","","","","","","","","","","","","","","","","","","","","","","","","","","","","","","0.793083704467431","","","","","","","","","","1.15740257129871","","","","","","","","","","","","","","","","","2.87726765644721","","","","",
"Early-demographic dividend","EAR","Nurses and midwives (per 1,000 people)","SH.MED.NUMW.P3","","","","","","","","","","","","","","","","","","","","","","","","","","","","","","","","","","","","","","","","","1.67683105976804","","","","","","","","","","","","","","","","","2.3750207934641","","","","",
"East Asia & Pacific","EAS","Nurses and midwives (per 1,000 people)","SH.MED.NUMW.P3","","","","","","","","","","","","","","","","","","","","","","","","","","","","","","","1.25343959848585","","","","","","","","","","1.87882191465026","","","","","","","","","","","","","","","","","3.66088262713065","","","","",
"Europe & Central Asia (excluding high income)","ECA","Nurses and midwives (per 1,000 people)","SH.MED.NUMW.P3","","","","","","","","","","","","","","","","","","","","","","","","","","","","","","","","","","","","","","","","","","","","","","","","","","","6.55791806033954","","","","","","","5.442565317919","","","","",
"Europe & Central Asia","ECS","Nurses and midwives (per 1,000 people)","SH.MED.NUMW.P3","","","","","","","","","","","","","","","","","","","","","","","","","","","","","","","","","","","","","","","","","7.20736863375009","","","","","","","","","","7.97053659970387","","","","","","","7.75952604100457","","","","",
"Ecuador","ECU","Nurses and midwives (per 1,000 people)","SH.MED.NUMW.P3","","","","","","","","","","","","","","","","","","","","","","","","","","","","","","","1.5984","1.6652","1.6878","1.4427","1.6389","1.6036","1.6994","1.7069","1.633","1.653","1.6234","1.5832","1.6273","1.5237","","","","","","1.8792","1.6594","2.0753","","1.9461","2.1932","2.5124","2.854","2.8265","2.5059","","","",
"Egypt, Arab Rep.","EGY","Nurses and midwives (per 1,000 people)","SH.MED.NUMW.P3","","","","","","","","","","","","","","","","","","","","","","","","","","","","","","","","","","","","","","","","","","","","","1.9787","","2.3362","","","","","","","1.9744","1.9549","1.9412","1.9252","1.9271","1.9262","","","",
"Euro area","EMU","Nurses and midwives (per 1,000 people)","SH.MED.NUMW.P3","","","","","","","","","","","","","","","","","","","","","","","","","","","","","","","","","","","","","","","","","7.66949556690721","","","","","","","","","","8.88259847794513","","","","","","","9.62862790341812","","","","",
"Eritrea","ERI","Nurses and midwives (per 1,000 people)","SH.MED.NUMW.P3","","","","","","","","","","","","","","","","","","","","","","","","","","","","","","","","","","","","","","","","","","","","","0.921","","","","","","","","","1.2988","1.2478","1.1852","1.4393","1.3267","1.4397","","","",
"Spain","ESP","Nurses and midwives (per 1,000 people)","SH.MED.NUMW.P3","","","","","","","","","","","","","","","","","","","","","","","","","","","","","","","2.6605","","","","","","3.2574","3.3454","3.3241","3.3692","3.6744","3.9875","4.1837","4.404","4.4171","4.4793","4.5773","4.7398","4.9669","5.0888","5.2726","5.3453","5.3802","5.109","5.1164","5.444","5.6851","5.9227","6.0795","","","",
"Estonia","EST","Nurses and midwives (per 1,000 people)","SH.MED.NUMW.P3","","","","","","","","","","","","","","","","","","","","","","","","","","","","","","","8.8232","7.1877","7.0312","7.0358","6.948","6.9421","6.713","6.529","6.4384","6.3307","","6.1098","6.3036","6.4207","6.5378","6.5759","6.5992","6.6838","6.7002","6.4404","6.3989","6.5256","6.4578","5.9579","6.0723","6.3522","6.433","6.5272","6.6316","","","",
"Ethiopia","ETH","Nurses and midwives (per 1,000 people)","SH.MED.NUMW.P3","","","","","","","","","","","","","","","","","","","","","","","","","","","","","","","","","","","","","","","","","","","","0.2154","0.2094","0.2464","0.2274","0.2249","0.2022","0.2521","","","","","","","","0.8286","0.7135","","","",
"European Union","EUU","Nurses and midwives (per 1,000 people)","SH.MED.NUMW.P3","","","","","","","","","","","","","","","","","","","","","","","","","","","","","","","","","","","","","","","","","7.32789988572564","","","","","","","","","","8.41482376334702","","","","","","","9.0859728367099","","","","",
"Fragile and conflict affected situations","FCS","Nurses and midwives (per 1,000 people)","SH.MED.NUMW.P3","","","","","","","","","","","","","","","","","","","","","","","","","","","","","","","","","","","","","","","","","","","","","","","","","","","1.07700234121291","","","","","","","1.20592015277972","","","","",
"Finland","FIN","Nurses and midwives (per 1,000 people)","SH.MED.NUMW.P3","","","","","","","","","","","","","","","","","","","","","","","","","","","","","","","","","","","","","","","","15.0208","14.9291","14.7015","15.0386","14.9884","16.4797","17.1306","17.9113","18.3081","17.8562","18.4576","19.3664","19.6063","19.5152","18.9836","18.7051","14.1182","14.5677","14.8773","","","","",
"Fiji","FJI","Nurses and midwives (per 1,000 people)","SH.MED.NUMW.P3","","","","","","","","","","","","","","","","","","","","","","","","","","","","","","","","","","","","","","","","1.9546","","","","2.0341","","","","","2.1102","2.2926","","","","2.9032","","3.0175","","","3.3752","3.9596","","",
"France","FRA","Nurses and midwives (per 1,000 people)","SH.MED.NUMW.P3","","","","","","","","","","","","","","","","","","","","","","","","","","","","","","","","","","","","","","","","","7.1139","7.3127","7.4886","7.6822","7.8869","8.1181","8.3198","8.1853","8.4741","8.7688","9.0124","9.286","9.688","9.9817","10.2792","10.5952","10.8898","11.162","11.4707","","","",
"Faroe Islands","FRO","Nurses and midwives (per 1,000 people)","SH.MED.NUMW.P3","","","","","","","","","","","","","","","","","","","","","","","","","","","","","","","","","","","","","","","","","","","","","","","","","","","","","","","","","","","","","","",
"Micronesia, Fed. Sts.","FSM","Nurses and midwives (per 1,000 people)","SH.MED.NUMW.P3","","","","","","","","","","","","","","","","","","","","","","","","","","","","","","","","","","","","","","","","","3.8827","","","2.3408","","2.3446","","","2.6794","3.6058","3.319","","","","","","","","2.0426","2.1529","","",
"Gabon","GAB","Nurses and midwives (per 1,000 people)","SH.MED.NUMW.P3","","","","","","","","","","","","","","","","","","","","","","","","","","","","","","","","","","","","","","","","","","","","","5.0066","","","","","","","","","","","","2.5444","2.946","","","","",
"United Kingdom","GBR","Nurses and midwives (per 1,000 people)","SH.MED.NUMW.P3","","","","","","","","","","","","","","","","","","","","","","","","","","","","","","","","","","","","","","","","","10.7638","11.0023","11.3479","11.6214","11.7619","11.87","11.57","11.0266","10.9344","10.6783","10.4991","10.1724","9.8189","9.7978","9.776","9.7357","8.2751","8.2245","8.1723","10.2922","","",
"Georgia","GEO","Nurses and midwives (per 1,000 people)","SH.MED.NUMW.P3","","","","","","","","","","","","","","","","","","","","","","","","","","","","","","","","","","","","","4.6511","4.8605","4.9257","4.9999","4.7013","4.3074","4.2638","4.2329","4.1649","4.1414","3.9943","3.9067","3.9374","3.8959","3.9499","3.9363","3.7221","3.7837","3.8203","4.0174","4.0002","4.8564","4.7293","5.2162","","",
"Ghana","GHA","Nurses and midwives (per 1,000 people)","SH.MED.NUMW.P3","","","","","","","","","","","","","","","","","","","","","","","","","","","","","","","","","","","","","","","","","","","","","0.9264","","","","0.969","1.192","1.0608","","","","1.3739","2.0017","2.116","2.3406","","2.711","","",
"Gibraltar","GIB","Nurses and midwives (per 1,000 people)","SH.MED.NUMW.P3","","","","","","","","","","","","","","","","","","","","","","","","","","","","","","","","","","","","","","","","","","","","","","","","","","","","","","","","","","","","","","",
"Guinea","GIN","Nurses and midwives (per 1,000 people)","SH.MED.NUMW.P3","","","","","","","","","","","","","","","","","","","","","","","","","","","","","","","","","","","","","","","","","0.4617","","","","0.4939","","","","","","","","","","","0.4168","0.1238","","","","","",
"Gambia, The","GMB","Nurses and midwives (per 1,000 people)","SH.MED.NUMW.P3","","","","","","","","","","","","","","","","","","","","","","","","","","","","","","","","","","","","","","","","","","","","1.2973","0.4644","0.4742","0.4732","0.7702","0.8353","","","","","","","","","0.6997","","0.6061","","",
"Guinea-Bissau","GNB","Nurses and midwives (per 1,000 people)","SH.MED.NUMW.P3","","","","","","","","","","","","","","","","","","","","","","","","","","","","","","","","","","","","","","","","","","","","","0.8161","","","","0.6586","0.7022","","0.5624","","0.5339","0.5229","0.5549","0.5936","","0.6851","","","",
"Equatorial Guinea","GNQ","Nurses and midwives (per 1,000 people)","SH.MED.NUMW.P3","","","","","","","","","","","","","","","","","","","","","","","","","","","","","","","","","","","","","","","","","","","","","0.378","","","","","","","","","","","","","0.5024","","","","",
"Greece","GRC","Nurses and midwives (per 1,000 people)","SH.MED.NUMW.P3","","","","","","","","","","","","","","","","","","","","","","","","","","","","","","","","","","","","","","","","","4.299","4.6024","5.1543","5.1639","5.1526","5.1797","4.9862","4.9388","5.0386","5.2086","5.4107","5.4437","5.2146","5.1126","4.975","4.9059","3.5534","3.6331","3.7019","","","",
"Grenada","GRD","Nurses and midwives (per 1,000 people)","SH.MED.NUMW.P3","","","","","","","","","","","","","","","","","","","","","","","","","","","","","","","","","","","","","","","","3.8477","3.5603","3.5465","3.5328","3.5192","","","3.7941","","","","","","","","","","","3.0568","","","","",
"Greenland","GRL","Nurses and midwives (per 1,000 people)","SH.MED.NUMW.P3","","","","","","","","","","","","","","","","","","","","","","","","","","","","","","","","","","","","","","","","","","","","","","","","","","","","","","","","","","","","","","",
"Guatemala","GTM","Nurses and midwives (per 1,000 people)","SH.MED.NUMW.P3","","","","","","","","","","","","","","","","","","","","","","","","","","","","","","","","","","","","","","","","","","","","","","","","","","0.8698","","","","","0.9435","0.9646","1.0054","1.2025","1.2829","","","",
"Guam","GUM","Nurses and midwives (per 1,000 people)","SH.MED.NUMW.P3","","","","","","","","","","","","","","","","","","","","","","","","","","","","","","","","","","","","","","","","","","","","","","","","","","","","","","","","","","","","","","",
"Guyana","GUY","Nurses and midwives (per 1,000 people)","SH.MED.NUMW.P3","","","","","","","","","","","","","","","","","","","","","","","","","","","","","","","","","","","","","","","","","","","","","","","","","","","","","","0.7164","0.6275","0.6972","0.7324","0.7869","","","","",
"High income","HIC","Nurses and midwives (per 1,000 people)","SH.MED.NUMW.P3","","","","","","","","","","","","","","","","","","","","","","","","","","","","","","","","","","","","","","","","","8.19291818290032","","","","","","","","","","9.80997618905626","","","","","","","11.5472672010422","","","","",
"Hong Kong SAR, China","HKG","Nurses and midwives (per 1,000 people)","SH.MED.NUMW.P3","","","","","","","","","","","","","","","","","","","","","","","","","","","","","","","","","","","","","","","","","","","","","","","","","","","","","","","","","","","","","","",
"Honduras","HND","Nurses and midwives (per 1,000 people)","SH.MED.NUMW.P3","","","","","","","","","","","","","","","","","","","","","","","","","","","","","","","","","","","","","","","","","","","","","","","","","","","0.8598","","","0.6985","0.6767","0.6626","0.7324","0.7305","0.7287","","","",
"Heavily indebted poor countries (HIPC)","HPC","Nurses and midwives (per 1,000 people)","SH.MED.NUMW.P3","","","","","","","","","","","","","","","","","","","","","","","","","","","","","","","","","","","","","","","","","","","","","","","","","","","0.549721848299808","","","","","","","0.801160968566958","","","","",
"Croatia","HRV","Nurses and midwives (per 1,000 people)","SH.MED.NUMW.P3","","","","","","","","","","","","","","","","","","","","","","","","","","","","","","","5.0567","4.5727","4.7083","4.6331","4.5305","4.1743","4.345","4.596","4.7514","4.8712","5.0037","5.0328","5.0701","5.0974","5.2006","5.2475","5.3434","5.4676","5.6826","5.5746","5.7761","5.9087","6.0216","6.1762","6.1417","6.192","","","","","","",
"Haiti","HTI","Nurses and midwives (per 1,000 people)","SH.MED.NUMW.P3","","","","","","","","","","","","","","","","","","","","","","","","","","","","","","","","","","","","","","","0.102","","","","","","","","","","","","","","","","","0.2822","","","0.3977","","","",
"Hungary","HUN","Nurses and midwives (per 1,000 people)","SH.MED.NUMW.P3","","","","","","","","","","","","","","","","","","","","","","","","","","","","","","","5.4445","5.0843","5.3703","5.6911","5.6941","5.5699","5.637","5.5446","5.6825","5.5852","6.986","7.2791","7.3429","7.5556","7.4653","7.6217","7.8142","7.6479","7.876","7.9266","7.9226","7.747","8.0109","8.1905","8.1225","8.2345","6.6427","6.8037","7.1669","5.2593","","",
"IBRD only","IBD","Nurses and midwives (per 1,000 people)","SH.MED.NUMW.P3","","","","","","","","","","","","","","","","","","","","","","","","","","","","","","","0.919894790289167","","","","","","","","","","1.68281289430377","","","","","","","","","","","","","","","","","3.06889555440023","","","","",
"IDA & IBRD total","IBT","Nurses and midwives (per 1,000 people)","SH.MED.NUMW.P3","","","","","","","","","","","","","","","","","","","","","","","","","","","","","","","","","","","","","","","","","1.66981121557554","","","","","","","","","","","","","","","","","2.59052606228598","","","","",
"IDA total","IDA","Nurses and midwives (per 1,000 people)","SH.MED.NUMW.P3","","","","","","","","","","","","","","","","","","","","","","","","","","","","","","","","","","","","","","","","","","","","","","","","","","","0.995815082638169","","","","","","","1.15087171213188","","","","",
"IDA blend","IDB","Nurses and midwives (per 1,000 people)","SH.MED.NUMW.P3","","","","","","","","","","","","","","","","","","","","","","","","","","","","","","","","","","","","","","","","","","","","","","","","","","","1.58666864062116","","","","","","","1.66968777488566","","","","",
"Indonesia","IDN","Nurses and midwives (per 1,000 people)","SH.MED.NUMW.P3","","","","","","","","","","","","","","","","","","","","","","","","","","","","","","","","","0.6265","","","","","","","","","","","0.8168","","","","","","","","","","","","1.299","","2.0532","","3.807","","",
"IDA only","IDX","Nurses and midwives (per 1,000 people)","SH.MED.NUMW.P3","","","","","","","","","","","","","","","","","","","","","","","","","","","","","","","","","","","","","","","","","","","","","","","","","","","0.657777712849252","","","","","","","0.897177530943136","","","","",
"Isle of Man","IMN","Nurses and midwives (per 1,000 people)","SH.MED.NUMW.P3","","","","","","","","","","","","","","","","","","","","","","","","","","","","","","","","","","","","","","","","","","","","","","","","","","","","","","","","","","","","","","",
"India","IND","Nurses and midwives (per 1,000 people)","SH.MED.NUMW.P3","","","","","","","","","","","","","","","","","","","","","","","","","","","","","","","","0.3754","","","","","","","","","1.1654","1.1817","","1.2441","1.2592","1.2907","","","","","","","","","","","","2.1079","1.7271","2.3885","","",
"Not classified","INX","Nurses and midwives (per 1,000 people)","SH.MED.NUMW.P3","","","","","","","","","","","","","","","","","","","","","","","","","","","","","","","","","","","","","","","","","","","","","","","","","","","","","","","","","","","","","","",
"Ireland","IRL","Nurses and midwives (per 1,000 people)","SH.MED.NUMW.P3","","","","","","","","","","","","","","","","","","","","","","","","","","","","","","","","","","","","","","","","","14.0287","14.8502","15.3746","14.819","12.3703","12.267","12.6696","13.8683","13.7798","13.0434","13.4653","13.365","12.9606","12.5775","12.2598","12.4774","11.7073","14.5415","13.0118","","","",
"Iran, Islamic Rep.","IRN","Nurses and midwives (per 1,000 people)","SH.MED.NUMW.P3","","","","","","","","","","","","","","","","","","","","","","","","","","","","","","","","","","","","","","","","","","","","","1.3961","1.4051","1.689","","","","","1.9971","","","1.5641","1.8907","","2.6286","2.0766","","","",
"Iraq","IRQ","Nurses and midwives (per 1,000 people)","SH.MED.NUMW.P3","","","","","","","","","","","","","","","","","","","","","","","","","","","","","","","","","","","","","","","","","","","","","","1.32","","1.049","","","","","","2.085","1.8776","1.6498","1.7152","1.8126","2.0448","","","",
"Iceland","ISL","Nurses and midwives (per 1,000 people)","SH.MED.NUMW.P3","","","","","","","","","","","","","","","","","","","","","","","","","","","","","","","","","","","","","","","","","19.3474","19.0315","19.2709","19.5764","19.5706","20.2644","20.0434","20.4391","22.4284","23.1129","21.3768","21.5425","21.723","22.1424","22.1424","22.4379","15.1565","15.7087","16.6914","17.1888","","",
"Israel","ISR","Nurses and midwives (per 1,000 people)","SH.MED.NUMW.P3","","","","","","","","","","","","","","","","","","","","","","","","","","","","","","","","","","","","","","","","","7.7566","7.7925","7.6822","7.3372","7.0968","6.9713","6.8244","6.5566","6.1774","5.9231","5.8028","5.8637","5.8316","5.8643","5.9075","5.9576","5.5055","5.6214","5.583","6.6047","","",
"Italy","ITA","Nurses and midwives (per 1,000 people)","SH.MED.NUMW.P3","","","","","","","","","","","","","","","","","","","","","","","","","","","","","","","","","","","","","","","","","5.7658","5.7987","5.841","5.4702","5.3483","5.2102","5.3714","5.5091","5.5295","5.5396","5.516","5.4829","5.3825","5.3357","5.5676","5.7152","5.8359","6.0605","5.9998","5.8867","","",
"Jamaica","JAM","Nurses and midwives (per 1,000 people)","SH.MED.NUMW.P3","","","","","","","","","","","","","","","","","","","","","","","","","","","","","","","","","","","","","","","","","","","","1.6144","","","","","1.0532","","","","1.5119","1.4349","1.4271","1.4507","1.6066","1.4674","","","","",
"Jordan","JOR","Nurses and midwives (per 1,000 people)","SH.MED.NUMW.P3","","","","","","","","","","","","","","","","","","","","","","","","","","","","","","","","","","","","","","","2.8095","2.917","3.0391","3.0499","2.822","2.9788","3.2608","3.0228","3.307","3.0176","2.9568","3.4992","3.5338","","","3.4346","3.4352","","","3.3598","2.8212","3.347","","",
"Japan","JPN","Nurses and midwives (per 1,000 people)","SH.MED.NUMW.P3","","","","","","","","","","","","","","","","","","","","","","","","","","","","","","","6.3729","","6.7448","","7.2509","","7.7699","","8.2161","","8.6546","","8.5725","","8.9341","","9.2821","","9.7394","","10.2738","","10.6891","","11.5129","","11.9502","","12.6978","","","",
"Kazakhstan","KAZ","Nurses and midwives (per 1,000 people)","SH.MED.NUMW.P3","","","","","","","","","","","","","","","","","","","","","","","","","","","","","","","10.0502","10.9714","10.836","10.3315","9.7529","9.4374","8.6196","7.4614","6.9987","6.6292","6.1736","6.4542","6.6463","6.6749","6.7799","6.881","7.2726","7.384","7.101","7.6328","7.7215","7.9204","8.0644","8.0253","7.2002","7.2936","","","","","","",
"Kenya","KEN","Nurses and midwives (per 1,000 people)","SH.MED.NUMW.P3","","","","","","","","","","","","","","","","","","","","","","","","","","","","","","","","","","","","","","","","","","","","","0.4531","","","","0.3537","0.3899","0.7061","","","0.8851","0.9274","0.865","1.0362","1.0587","1.1656","","","",
"Kyrgyz Republic","KGZ","Nurses and midwives (per 1,000 people)","SH.MED.NUMW.P3","","","","","","","","","","","","","","","","","","","","","","","","","","","","","","","10.2861","10.4559","10.3895","9.9601","9.6997","9.4812","9.1928","8.722","8.513","8.3802","7.9535","7.4228","7.0097","6.8256","6.5979","6.338","6.0151","5.8821","5.705","5.6802","5.6459","5.8392","5.9339","5.9737","5.9446","","","","","5.6026","","",
"Cambodia","KHM","Nurses and midwives (per 1,000 people)","SH.MED.NUMW.P3","","","","","","","","","","","","","","","","","","","","","","","","","","","","","","","","","","","","","1.0589","","1.0076","","0.9152","","","","","","","","0.8453","0.8544","0.856","0.8733","0.923","1.2942","0.9622","0.5889","0.7195","0.7007","0.6855","1.0076","","",
"Kiribati","KIR","Nurses and midwives (per 1,000 people)","SH.MED.NUMW.P3","","","","","","","","","","","","","","","","","","","","","","","","","","","","","","","","","","","","","","","2.3407","","","","","","2.8729","","","","3.6538","","3.9261","3.9351","","","","","","","3.8256","","","",
"St. Kitts and Nevis","KNA","Nurses and midwives (per 1,000 people)","SH.MED.NUMW.P3","","","","","","","","","","","","","","","","","","","","","","","","","","","","","","","7.0223","7.0297","7.027","6.9586","6.0577","5.7482","5.9765","5.6643","5.7639","6.055","","6.5919","","","","","","","","","","","","","","4.2188","","","","","","",
"Korea, Rep.","KOR","Nurses and midwives (per 1,000 people)","SH.MED.NUMW.P3","","","","","","","","","","","","","","","","","","","","","","","","","","","","","","","","","","","","","","","","","2.961","3.357","3.5859","3.5425","3.7944","3.8306","3.9704","4.1363","4.3392","4.4777","4.6385","4.7459","4.8621","5.2258","5.6097","5.9843","7.0232","7.1482","7.4625","","","",
"Kuwait","KWT","Nurses and midwives (per 1,000 people)","SH.MED.NUMW.P3","","","","","","","","","","","","","","","","","","","","","","","","","","","","","","","","","","","","","","","","","","4.3727","","","","","4.153","4.3259","4.6762","4.8047","6.5293","6.5011","6.4206","6.2055","6.661","7.1514","7.0899","7.3489","7.4145","","","",
"Latin America & Caribbean (excluding high income)","LAC","Nurses and midwives (per 1,000 people)","SH.MED.NUMW.P3","","","","","","","","","","","","","","","","","","","","","","","","","","","","","","","","","","","","","","","","","2.90240335235439","","","","","","","","","","","","","","","","","4.35407463268595","","","","",
"Lao PDR","LAO","Nurses and midwives (per 1,000 people)","SH.MED.NUMW.P3","","","","","","","","","","","","","","","","","","","","","","","","","","","","","","","","","","","","1.2566","","","","","1.0243","","","","0.989","0.9952","","","","0.8656","0.8572","","0.866","0.9584","1.2787","1.2206","1.263","1.2106","1.1878","0.7171","","",
"Lebanon","LBN","Nurses and midwives (per 1,000 people)","SH.MED.NUMW.P3","","","","","","","","","","","","","","","","","","","","","","","","","","","","","","","","","","","","","","","","","","1.0416","","","","1.0045","","1.4539","","1.7218","1.7748","","","1.5314","1.6686","1.5416","1.572","1.6418","1.6735","","","",
"Liberia","LBR","Nurses and midwives (per 1,000 people)","SH.MED.NUMW.P3","","","","","","","","","","","","","","","","","","","","","","","","","","","","","","","","","","","","","","","","","","","","","0.3301","","","","0.2711","0.9041","0.4638","","","","","","","","0.5321","","","",
"Libya","LBY","Nurses and midwives (per 1,000 people)","SH.MED.NUMW.P3","","","","","","","","","","","","","","","","","","","","","","","","","","","","","","","","","","","","","","3.4738","","","","","","","4.7564","","","","5.5276","7.0072","","","","6.9602","6.7928","","","6.5305","","","","",
"St. Lucia","LCA","Nurses and midwives (per 1,000 people)","SH.MED.NUMW.P3","","","","","","","","","","","","","","","","","","","","","","","","","","","","","","","","","","","","","","","","2.1355","","2.3451","","3.0841","2.3177","1.9951","","","","","","","","","","","","3.1547","","","","",
"Latin America & Caribbean","LCN","Nurses and midwives (per 1,000 people)","SH.MED.NUMW.P3","","","","","","","","","","","","","","","","","","","","","","","","","","","","","","","","","","","","","","","","","2.80444069465931","","","","","","","","","","","","","","","","","4.53948284819937","","","","",
"Least developed countries: UN classification","LDC","Nurses and midwives (per 1,000 people)","SH.MED.NUMW.P3","","","","","","","","","","","","","","","","","","","","","","","","","","","","","","","","","","","","","","","","","","","","","","","","","","","0.553029063547964","","","","","","","0.752184657503737","","","","",
"Low income","LIC","Nurses and midwives (per 1,000 people)","SH.MED.NUMW.P3","","","","","","","","","","","","","","","","","","","","","","","","","","","","","","","","","","","","","","","","","","","","","","","","","","","0.802165070305929","","","","","","","0.902421904456942","","","","",
"Liechtenstein","LIE","Nurses and midwives (per 1,000 people)","SH.MED.NUMW.P3","","","","","","","","","","","","","","","","","","","","","","","","","","","","","","","","","","","","","","","","","","","","","","","","","","","","","","","","","","","","","","",
"Sri Lanka","LKA","Nurses and midwives (per 1,000 people)","SH.MED.NUMW.P3","","","","","","","","","","","","","","","","","","","","","","","","","","","","","","","0.7372","0.8016","0.8679","1.0299","0.9649","1.0849","","","","","1.1918","","1.0622","","1.7142","1.4077","1.6715","2.0501","","","1.7455","1.8234","1.8325","1.8401","1.9132","1.9606","1.9477","1.9966","2.1803","2.2604","","",
"Lower middle income","LMC","Nurses and midwives (per 1,000 people)","SH.MED.NUMW.P3","","","","","","","","","","","","","","","","","","","","","","","","","","","","","","","","","","","","","","","","","","","","","","","","","","","","","","","","","","2.26512590570088","","","","",
"Low & middle income","LMY","Nurses and midwives (per 1,000 people)","SH.MED.NUMW.P3","","","","","","","","","","","","","","","","","","","","","","","","","","","","","","","","","","","","","","","","","1.64604964794807","","","","","","","","","","","","","","","","","2.5459729419263","","","","",
"Lesotho","LSO","Nurses and midwives (per 1,000 people)","SH.MED.NUMW.P3","","","","","","","","","","","","","","","","","","","","","","","","","","","","","","","","","","","","","","","","","","","","0.5564","","","","","","","0.6655","","","","","","","","3.2567","","","",
"Late-demographic dividend","LTE","Nurses and midwives (per 1,000 people)","SH.MED.NUMW.P3","","","","","","","","","","","","","","","","","","","","","","","","","","","","","","","1.19285204991448","","","","","","","","","","1.60667554260469","","","","","","","","","","","","","","","","","3.54775404547904","","","","",
"Lithuania","LTU","Nurses and midwives (per 1,000 people)","SH.MED.NUMW.P3","","","","","","","","","","","","","","","","","","","","","","","","","","","","","","","","9.4694","9.4667","9.3669","9.484","9.4499","9.4731","9.2765","9.1874","8.3316","8.0193","7.954","7.79","7.6564","7.5609","7.5546","7.6","7.5944","7.7229","7.6324","7.594","7.6905","7.744","7.7191","7.8048","7.9034","7.9665","7.9795","8.5046","9.4452","","",
"Luxembourg","LUX","Nurses and midwives (per 1,000 people)","SH.MED.NUMW.P3","","","","","","","","","","","","","","","","","","","","","","","","","","","","","","","","","","","","7.138","7.3599","7.5048","7.4307","7.5122","7.6061","7.7033","8.0392","9.2801","9.4931","11.4788","11.4369","11.2887","11.5225","11.5005","11.392","11.6137","12.2886","12.3185","12.3571","12.3346","12.1647","12.1744","","","","",
"Latvia","LVA","Nurses and midwives (per 1,000 people)","SH.MED.NUMW.P3","","","","","","","","","","","","","","","","","","","","","","","","","","","","","","","6.2675","6.3272","5.8684","5.4966","4.9068","5.2043","5.1807","5.0132","4.7616","4.8819","4.7496","4.6729","4.7215","4.8803","5.0494","5.1758","5.8155","5.7563","5.7862","5.0956","5.1546","5.0683","4.97","5.0005","4.9525","4.8361","","","4.5569","4.6174","","",
"Macao SAR, China","MAC","Nurses and midwives (per 1,000 people)","SH.MED.NUMW.P3","","","","","","","","","","","","","","","","","","","","","","","","","","","","","","","","","","","","","","","","","","","","","","","","","","","","","","","","","","","","","","",
"St. Martin (French part)","MAF","Nurses and midwives (per 1,000 people)","SH.MED.NUMW.P3","","","","","","","","","","","","","","","","","","","","","","","","","","","","","","","","","","","","","","","","","","","","","","","","","","","","","","","","","","","","","","",
"Morocco","MAR","Nurses and midwives (per 1,000 people)","SH.MED.NUMW.P3","","","","","","","","","","","","","","","","","","","","","","","","","","","","","","","","","","","","","","","","","","","","","0.8078","","","","","0.9298","","","","0.9725","0.944","","","1.3887","","","","",
"Monaco","MCO","Nurses and midwives (per 1,000 people)","SH.MED.NUMW.P3","","","","","","","","","","","","","","","","","","","","","","","","","","","","","","","","","15.3846","","","15.114","","","","","","","","","","","","","","","","16.9444","18","18.8076","20.1609","","","","","","","",
"Moldova","MDA","Nurses and midwives (per 1,000 people)","SH.MED.NUMW.P3","","","","","","","","","","","","","","","","","","","","","","","","","","","","","","","11.0658","11.2064","11.1689","11.1864","10.9489","10.4099","10.0646","10.4106","10.0543","8.716","5.6652","5.5346","5.5414","5.3864","5.1823","5.6476","5.6163","5.6468","5.6211","5.6259","5.6482","5.6445","5.6055","5.4872","5.311","5.0036","","4.9235","","3.9329","","",
"Madagascar","MDG","Nurses and midwives (per 1,000 people)","SH.MED.NUMW.P3","","","","","","","","","","","","","","","","","","","","","","","","","","","","","","","","","","","","","","","","","","","0.3129","0.3035","0.2854","0.35","0.3022","0.2941","0.2811","0.243","0.2233","0.2179","0.2174","0.2978","","","","","0.298","","","",
"Maldives","MDV","Nurses and midwives (per 1,000 people)","SH.MED.NUMW.P3","","","","","","","","","","","","","","","","","","","","","","","","","","","","","","","","0.653","","0.7749","","","1.3927","","","","","","","","2.8461","","","4.5913","","5.2235","5.108","","","","5.3701","6.5729","","6.4927","6.4282","","","",
"Middle East & North Africa","MEA","Nurses and midwives (per 1,000 people)","SH.MED.NUMW.P3","","","","","","","","","","","","","","","","","","","","","","","","","","","","","","","","","","","","","","","","","","","","","","","","","","","","","","","","","","2.49441146357882","","","","",
"Mexico","MEX","Nurses and midwives (per 1,000 people)","SH.MED.NUMW.P3","","","","","","","","","","","","","","","","","","","","","","","","","","","","","","","","","","","","","","","","","3.1277","2.2265","2.2229","2.137","2.1126","2.2053","2.2215","2.2832","2.3066","2.3624","2.4118","2.5093","2.5488","2.8044","2.6798","2.4177","2.5103","2.5078","3.149","2.3646","","",
"Marshall Islands","MHL","Nurses and midwives (per 1,000 people)","SH.MED.NUMW.P3","","","","","","","","","","","","","","","","","","","","","","","","","","","","","","","","","","","","","","","","","2.98","","","","","","","3.3571","","","2.2518","3.4513","3.2981","","","","","","3.339","","","",
"Middle income","MIC","Nurses and midwives (per 1,000 people)","SH.MED.NUMW.P3","","","","","","","","","","","","","","","","","","","","","","","","","","","","","","","0.922900989319552","","","","","","","","","","1.66386912096492","","","","","","","","","","","","","","","","","2.72349382797524","","","","",
"North Macedonia","MKD","Nurses and midwives (per 1,000 people)","SH.MED.NUMW.P3","","","","","","","","","","","","","","","","","","","","","","","","","","","","","","","","","","","","","","","","","2.8588","2.8627","2.9904","2.8411","2.8537","2.7651","2.8346","3.164","3.402","3.506","3.6041","3.613","3.5776","3.6544","","3.7917","","","","","","",
"Mali","MLI","Nurses and midwives (per 1,000 people)","SH.MED.NUMW.P3","","","","","","","","","","","","","","","","","","","","","","","","","","","","","","","","","","","","","","","","","","","","","0.6741","","","0.2111","","0.4437","0.4462","0.3677","0.3772","0.1192","","","0.4131","","0.4408","","","",
"Malta","MLT","Nurses and midwives (per 1,000 people)","SH.MED.NUMW.P3","","","","","","","","","","","","","","","","","","","","","","","","","","","","","","","","","","","","","","","","","","","5.4728","5.4727","5.6107","5.7944","5.934","6.227","6.7961","6.5889","6.8501","7.0649","7.046","7.395","8.3752","8.3695","","","9.4833","","","",
"Myanmar","MMR","Nurses and midwives (per 1,000 people)","SH.MED.NUMW.P3","","","","","","","","","","","","","","","","","","","","","","","","","","","","","","","","","","","","","","","","","","","","","","0.7461","0.7866","0.8086","0.8296","0.8615","0.8933","0.9212","0.9505","","","","1.0343","","0.9993","1.0821","","",
"Middle East & North Africa (excluding high income)","MNA","Nurses and midwives (per 1,000 people)","SH.MED.NUMW.P3","","","","","","","","","","","","","","","","","","","","","","","","","","","","","","","","","","","","","","","","","","","","","","","","","","","","","","","","","","1.90338669415498","","","","",
"Montenegro","MNE","Nurses and midwives (per 1,000 people)","SH.MED.NUMW.P3","","","","","","","","","","","","","","","","","","","","","","","","","","","","","","","","","","","","","","","","","","","","","","5.3683","5.3779","5.4729","5.5513","5.59","5.2827","5.1239","4.9369","5.392","5.446","5.3461","","","5.2294","","","",
"Mongolia","MNG","Nurses and midwives (per 1,000 people)","SH.MED.NUMW.P3","","","","","","","","","","","","","","","","","","","","","","","","","","","","","","","","","","","","","","","","","","","3.6123","","","","","","3.6495","3.6222","3.631","3.6612","3.7823","3.8046","4.0257","4.0932","4.0656","4.1406","4.2136","","","",
"Northern Mariana Islands","MNP","Nurses and midwives (per 1,000 people)","SH.MED.NUMW.P3","","","","","","","","","","","","","","","","","","","","","","","","","","","","","","","","","","","","","","","","","","","","","","","","","","","","","","","","","","","","","","",
"Mozambique","MOZ","Nurses and midwives (per 1,000 people)","SH.MED.NUMW.P3","","","","","","","","","","","","","","","","","","","","","","","","","","","","","","","","","","","","","","","","0.2835","0.2867","0.2808","0.2996","0.2976","0.3265","0.3304","0.3383","0.3628","0.3883","0.3949","0.404","0.3928","0.4057","0.5823","0.4184","0.4469","0.6785","0.6842","0.6847","0.4727","","",
"Mauritania","MRT","Nurses and midwives (per 1,000 people)","SH.MED.NUMW.P3","","","","","","","","","","","","","","","","","","","","","","","","","","","","","","","","","","","","","","","","","","","","","0.6441","","","","","0.6787","0.8022","","","","0.9784","1.0224","","1.0673","0.9252","","","",
"Mauritius","MUS","Nurses and midwives (per 1,000 people)","SH.MED.NUMW.P3","","","","","","","","","","","","","","","","","","","","","","","","","","","","","","","","","","","","","","","","","","","","","3.7871","","","2.6744","2.7435","2.8135","2.8846","2.9334","2.9813","3.1565","3.2806","3.3831","3.276","3.5152","","","","",
"Malawi","MWI","Nurses and midwives (per 1,000 people)","SH.MED.NUMW.P3","","","","","","","","","","","","","","","","","","","","","","","","","","","","","","","","","","","","","","","","","","","","","0.5905","","","","0.2838","0.3406","","","","0.2268","","","0.2988","","0.4386","","","",
"Malaysia","MYS","Nurses and midwives (per 1,000 people)","SH.MED.NUMW.P3","","","","","","","","","","","","","","","","","","","","","","","","","","","","","","","","","","","","","","","","","1.6745","","1.7919","","","","","","2.6747","","3.1976","3.3875","3.8141","3.9058","4.0069","4.1829","4.1958","4.2229","","3.4843","","",
"North America","NAC","Nurses and midwives (per 1,000 people)","SH.MED.NUMW.P3","","","","","","","","","","","","","","","","","","","","","","","","","","","","","","","","","","","","","","","","","9.52067789194662","","","","","","","","","","12.2688863917882","","","","","","","15.2936467480433","","","","",
"Namibia","NAM","Nurses and midwives (per 1,000 people)","SH.MED.NUMW.P3","","","","","","","","","","","","","","","","","","","","","","","","","","","","","","","","","","","","","","","","","","","","","3.2212","","","2.8657","","","","","","1.8402","1.8527","1.8856","2.0424","2.0199","1.954","","","",
"New Caledonia","NCL","Nurses and midwives (per 1,000 people)","SH.MED.NUMW.P3","","","","","","","","","","","","","","","","","","","","","","","","","","","","","","","","","","","","","","","","","","","","","","","","","","","","","","","","","","","","","","",
"Niger","NER","Nurses and midwives (per 1,000 people)","SH.MED.NUMW.P3","","","","","","","","","","","","","","","","","","","","","","","","","","","","","","","","","","","","","","","","","","","","","0.2147","","","","0.1387","0.2039","","","","0.2229","0.3066","0.2038","0.2695","","0.2234","","","",
"Nigeria","NGA","Nurses and midwives (per 1,000 people)","SH.MED.NUMW.P3","","","","","","","","","","","","","","","","","","","","","","","","","","","","","","","","","","","","","","","","","","","","1.5944","","1.5369","1.5034","1.4993","1.4969","","","","","1.0258","","","1.7551","","0.9258","1.5007","","",
"Nicaragua","NIC","Nurses and midwives (per 1,000 people)","SH.MED.NUMW.P3","","","","","","","","","","","","","","","","","","","","","","","","","","","","","","","","","","","","","","","","","","","","1.1077","","1.1573","1.1578","1.1824","1.2916","1.3028","1.2647","1.3657","1.3695","1.3597","1.3549","1.3667","1.4661","1.5524","","","","",
"Netherlands","NLD","Nurses and midwives (per 1,000 people)","SH.MED.NUMW.P3","","","","","","","","","","","","","","","","","","","","","","","","","","","","","","","","","","","","","","","","","","","7.9682","8.1362","8.2584","8.3058","8.2971","8.382","8.4924","","","","","","10.5295","10.7489","10.9279","11.2466","11.4851","","","",
"Norway","NOR","Nurses and midwives (per 1,000 people)","SH.MED.NUMW.P3","","","","","","","","","","","","","","","","","","","","","","","","","","","","","","","","","","","","","","","","","","","12.595","13.2301","13.7075","14.1044","14.3749","14.4027","14.4993","16.4531","16.6659","16.9533","17.0854","17.2115","17.4255","17.8622","17.4315","17.6013","18.2079","18.3493","","",
"Nepal","NPL","Nurses and midwives (per 1,000 people)","SH.MED.NUMW.P3","","","","","","","","","","","","","","","","","","","","","","","","","","","","","","","","","","","","","","","","","","","","","0.4652","","","","","","","","1.598","1.8729","2.1369","","","2.8479","3.1084","3.3047","","",
"Nauru","NRU","Nurses and midwives (per 1,000 people)","SH.MED.NUMW.P3","","","","","","","","","","","","","","","","","","","","","","","","","","","","","","","","","","","","5.6604","","","","","","","","","6.3636","","","","6.9697","","","6.9307","","","","6.7308","","","7.8505","","","",
"New Zealand","NZL","Nurses and midwives (per 1,000 people)","SH.MED.NUMW.P3","","","","","","","","","","","","","","","","","","","","","","","","","","","","","","","","","","","","","","","","","","","9.3604","9.0783","9.4314","9.7067","9.3877","9.773","10.2845","10.2551","10.576","10.6167","10.4545","12.2541","11.8172","11.9905","12.128","12.3207","11.1421","","","",
"OECD members","OED","Nurses and midwives (per 1,000 people)","SH.MED.NUMW.P3","","","","","","","","","","","","","","","","","","","","","","","","","","","","","","","","","","","","","","","","","7.34632456312858","","","","","","","","","","8.93570963033098","","","","","","","10.4239119639609","","","","",
"Oman","OMN","Nurses and midwives (per 1,000 people)","SH.MED.NUMW.P3","","","","","","","","","","","","","","","","","","","","","","","","","","","","","","","2.2884","","","","","2.7383","","2.5745","2.8265","2.8551","3.4519","","","","3.5764","3.6941","3.7256","3.9116","4.0832","4.2076","4.23","4.3794","4.4674","4.4969","4.6669","4.53","4.4115","4.2731","4.1965","4.085","","",
"Other small states","OSS","Nurses and midwives (per 1,000 people)","SH.MED.NUMW.P3","","","","","","","","","","","","","","","","","","","","","","","","","","","","","","","","","","","","","","","","","","","","","","","","","","","3.09614068795254","","","","","","","3.30946770313238","","","","",
"Pakistan","PAK","Nurses and midwives (per 1,000 people)","SH.MED.NUMW.P3","","","","","","","","","","","","","","","","","","","","","","","","","","","","","","","","","0.3254","0.3321","0.3421","0.3433","0.3647","0.3853","0.4082","0.4211","0.4219","0.4297","","","0.4581","","","","0.5297","0.5443","0.5595","","","0.5279","","","","0.5986","","0.4832","","",
"Panama","PAN","Nurses and midwives (per 1,000 people)","SH.MED.NUMW.P3","","","","","","","","","","","","","","","","","","","","","","","","","","","","","","","0.9956","0.9742","0.9639","1.0066","1.0253","1.0443","1.0779","1.1048","1.0936","1.1423","","1.8413","1.9164","2.1984","1.9909","2.0044","2.0031","","","","2.4765","2.3146","","2.9306","2.9495","2.762","2.9863","3.0866","3.0741","3.2055","","",
"Peru","PER","Nurses and midwives (per 1,000 people)","SH.MED.NUMW.P3","","","","","","","","","","","","","","","","","","","","","","","","","","","","","","","","","","","","","","","","0.656","","","","","","","","3.587","","1.3084","","","1.5259","2.2121","2.0824","2.0661","2.1761","2.213","2.9772","","","",
"Philippines","PHL","Nurses and midwives (per 1,000 people)","SH.MED.NUMW.P3","","","","","","","","","","","","","","","","","","","","","","","","","","","","","","","","","","","","","","","","","4.3165","4.2981","4.2675","4.2366","4.2386","4.2752","4.4048","4.6536","5.1221","5.647","","","","","","","","5.2744","4.9351","5.4439","","",
"Palau","PLW","Nurses and midwives (per 1,000 people)","SH.MED.NUMW.P3","","","","","","","","","","","","","","","","","","","","","","","","","","","","","","","","","","","","","","","6.1413","","","","","","6.0302","","6.0513","","","6.1202","6.6111","","","","6.3068","","","","7.2626","","","",
"Papua New Guinea","PNG","Nurses and midwives (per 1,000 people)","SH.MED.NUMW.P3","","","","","","","","","","","","","","","","","","","","","","","","","","","","","","","","","","","","","","","","","0.4858","","","","","","","","0.4077","","0.4983","","","","","","","","0.543","0.4529","","",
"Poland","POL","Nurses and midwives (per 1,000 people)","SH.MED.NUMW.P3","","","","","","","","","","","","","","","","","","","","","","","","","","","","","","","6.1059","5.9808","5.9499","5.9436","6.0657","6.1376","6.2306","6.2789","6.1601","5.7","5.4888","5.4071","5.3947","5.2656","5.4757","5.609","5.6126","5.7181","5.7402","5.8059","5.828","5.8392","","5.8551","5.8168","5.7802","5.7575","5.7029","6.8926","","","",
"Pre-demographic dividend","PRE","Nurses and midwives (per 1,000 people)","SH.MED.NUMW.P3","","","","","","","","","","","","","","","","","","","","","","","","","","","","","","","","","","","","","","","","","","","","","","","","","","","0.845488155342485","","","","","","","0.953849782983366","","","","",
"Puerto Rico","PRI","Nurses and midwives (per 1,000 people)","SH.MED.NUMW.P3","","","","","","","","","","","","","","","","","","","","","","","","","","","","","","","","","","","","","","","","","","","","","","","","","","","","","","","","","","","","","","",
"Korea, Dem. People's Rep.","PRK","Nurses and midwives (per 1,000 people)","SH.MED.NUMW.P3","","","","","","","","","","","","","","","","","","","","","","","","","","","","","","","","","","","","","","","","","","","","3.9679","","","","","4.1451","","","","","","","","","4.4489","","","","",
"Portugal","PRT","Nurses and midwives (per 1,000 people)","SH.MED.NUMW.P3","","","","","","","","","","","","","","","","","","","","","","","","","","","","","","","","","","","","","","","","","","","4.0246","4.2043","4.3725","4.5825","4.8332","5.1147","5.3523","5.6206","5.8921","6.1004","6.2134","6.2837","6.3677","6.5324","","6.9571","6.8987","","","",
"Paraguay","PRY","Nurses and midwives (per 1,000 people)","SH.MED.NUMW.P3","","","","","","","","","","","","","","","","","","","","","","","","","","","","","","","","","","","","","","","","","","","","","","","","","","","","","","0.5654","0.6143","0.6666","0.7038","0.7387","","","","",
"West Bank and Gaza","PSE","Nurses and midwives (per 1,000 people)","SH.MED.NUMW.P3","","","","","","","","","","","","","","","","","","","","","","","","","","","","","","","","","","","","","","","","","","","","","","","","","","","","","","","","","","","","","","",
"Pacific island small states","PSS","Nurses and midwives (per 1,000 people)","SH.MED.NUMW.P3","","","","","","","","","","","","","","","","","","","","","","","","","","","","","","","","","","","","","","","","","2.0186815456169","","","","","","","","","","2.33030672031588","","","","","","","3.0947906446266","","","","",
"Post-demographic dividend","PST","Nurses and midwives (per 1,000 people)","SH.MED.NUMW.P3","","","","","","","","","","","","","","","","","","","","","","","","","","","","","","","","","","","","","","","","","8.35884149485161","","","","","","","","","","10.102318462422","","","","","","","11.7776011415852","","","","",
"French Polynesia","PYF","Nurses and midwives (per 1,000 people)","SH.MED.NUMW.P3","","","","","","","","","","","","","","","","","","","","","","","","","","","","","","","","","","","","","","","","","","","","","","","","","","","","","","","","","","","","","","",
"Qatar","QAT","Nurses and midwives (per 1,000 people)","SH.MED.NUMW.P3","","","","","","","","","","","","","","","","","","","","","","","","","","","","","","","","","","","","","","","","","","4.936","","","","5.639","6.0477","","5.8662","4.5894","5.7184","","","","5.5998","","4.9548","6.0429","7.197","","","",
"Romania","ROU","Nurses and midwives (per 1,000 people)","SH.MED.NUMW.P3","","","","","","","","","","","","","","","","","","","","","","","","","","","","","","","","","","","","","","","","","5.3716","5.4561","5.6469","5.5411","5.6242","5.7613","5.96","6.0275","5.9526","6.1269","5.7113","5.8087","5.9367","6.1353","","","6.0922","","","","","",
"Russian Federation","RUS","Nurses and midwives (per 1,000 people)","SH.MED.NUMW.P3","","","","","","","","","","","","","","","","","","","","","","","","","","","","","","","","","","","","","","","","","","","","","","7.7325","7.8562","7.8493","7.6953","7.7276","7.671","9.1455","4.1443","4.2551","4.5333","","","","","","","",
"Rwanda","RWA","Nurses and midwives (per 1,000 people)","SH.MED.NUMW.P3","","","","","","","","","","","","","","","","","","","","","","","","","","","","","","","","","","","","","","","","","","","","","0.413","0.448","","","0.688","0.6786","","0.658","","","0.9308","0.9882","1.0585","","1.2044","0.948","","",
"South Asia","SAS","Nurses and midwives (per 1,000 people)","SH.MED.NUMW.P3","","","","","","","","","","","","","","","","","","","","","","","","","","","","","","","0.376349464533073","","","","","","","","","","1.07889510763935","","","","","","","","","","","","","","","","","1.96385295170043","","","","",
"Saudi Arabia","SAU","Nurses and midwives (per 1,000 people)","SH.MED.NUMW.P3","","","","","","","","","","","","","","","","","","","","","","","","","","","","","","","","","","","","","","","","","1.7661","","","","","","","","3.9129","4.1629","4.7332","4.7628","4.7917","","5.2014","","5.6705","4.399","5.4763","5.8174","","",
"Sudan","SDN","Nurses and midwives (per 1,000 people)","SH.MED.NUMW.P3","","","","","","","","","","","","","","","","","","","","","","","","","","","","","","","","","","","","","","","","","","","","","1.0424","","1.0534","1.0043","0.9812","","","","","","1.1992","0.8245","","","1.1455","","","",
"Senegal","SEN","Nurses and midwives (per 1,000 people)","SH.MED.NUMW.P3","","","","","","","","","","","","","","","","","","","","","","","","","","","","","","","","","","","","","","","","","","","","","0.3041","","","","0.4377","","","","","0.2863","","0.1919","0.2996","0.3127","","0.5404","","",
"Singapore","SGP","Nurses and midwives (per 1,000 people)","SH.MED.NUMW.P3","","","","","","","","","","","","","","","","","","","","","","","","","","","","","","","","","","","","","","","","4.0324","","4.2671","","","4.6273","4.7277","4.7537","4.8775","5.0691","5.3944","5.718","5.1218","5.4778","5.5727","5.7453","6.0092","6.1678","6.2432","","","","",
"Solomon Islands","SLB","Nurses and midwives (per 1,000 people)","SH.MED.NUMW.P3","","","","","","","","","","","","","","","","","","","","","","","","","","","","","","","","","","","","","","","","0.8989","","","","1.4094","","1.4769","","","","2.0963","","1.7858","1.7371","1.9937","","","","","2.1642","","","",
"Sierra Leone","SLE","Nurses and midwives (per 1,000 people)","SH.MED.NUMW.P3","","","","","","","","","","","","","","","","","","","","","","","","","","","","","","","","","","","","","","","","","","","","","0.2229","","","","0.1435","","0.1437","0.2669","","","0.9538","0.8189","0.7468","0.7986","0.7525","","","",
"El Salvador","SLV","Nurses and midwives (per 1,000 people)","SH.MED.NUMW.P3","","","","","","","","","","","","","","","","","","","","","","","","","","","","","","","","","","","","","","","","0.6755","","","0.859","","","0.3457","","1.3676","","","","","","1.7749","1.7591","1.7582","1.8039","1.8375","1.8344","","","",
"San Marino","SMR","Nurses and midwives (per 1,000 people)","SH.MED.NUMW.P3","","","","","","","","","","","","","","","","","","","","","","","","","","","","","","","","","","","","","","","","","","","","","","","","","","","","","8.8474","8.7117","8.2067","","","","","","","",
"Somalia","SOM","Nurses and midwives (per 1,000 people)","SH.MED.NUMW.P3","","","","","","","","","","","","","","","","","","","","","","","","","","","","","","","","","","","","","","0.191","","","","","","","","","0.0897","","","","","","","","0.1119","","","","","","","",
"Serbia","SRB","Nurses and midwives (per 1,000 people)","SH.MED.NUMW.P3","","","","","","","","","","","","","","","","","","","","","","","","","","","","","","","","","","","","","","","","","","","","","","","","","","","","7.4011","7.0457","7.1633","7.3024","7.6174","6.0855","","","","","",
"Sub-Saharan Africa (excluding high income)","SSA","Nurses and midwives (per 1,000 people)","SH.MED.NUMW.P3","","","","","","","","","","","","","","","","","","","","","","","","","","","","","","","","","","","","","","","","","","","","","","","","","","","0.795365924918305","","","","","","","1.00785759945712","","","","",
"South Sudan","SSD","Nurses and midwives (per 1,000 people)","SH.MED.NUMW.P3","","","","","","","","","","","","","","","","","","","","","","","","","","","","","","","","","","","","","","","","","","","","","","","","","","","","","","","","","","","","","","",
"Sub-Saharan Africa","SSF","Nurses and midwives (per 1,000 people)","SH.MED.NUMW.P3","","","","","","","","","","","","","","","","","","","","","","","","","","","","","","","","","","","","","","","","","","","","","","","","","","","0.795834337674791","","","","","","","1.00785759945712","","","","",
"Small states","SST","Nurses and midwives (per 1,000 people)","SH.MED.NUMW.P3","","","","","","","","","","","","","","","","","","","","","","","","","","","","","","","","","","","","","","","","","","","","","","","","","","","2.85175752800608","","","","","","","3.14738513466083","","","","",
"Sao Tome and Principe","STP","Nurses and midwives (per 1,000 people)","SH.MED.NUMW.P3","","","","","","","","","","","","","","","","","","","","","","","","","","","","","","","","","","","","","","","","","","","","","2.0039","","","","","","","","","","","2.2166","","","1.9242","","","",
"Suriname","SUR","Nurses and midwives (per 1,000 people)","SH.MED.NUMW.P3","","","","","","","","","","","","","","","","","","","","","","","","","","","","","","","","","","","","","","","","","1.461","","","","","","","","","","","","","2.2967","2.0351","2.0873","1.9543","1.9281","2.7569","","","",
"Slovak Republic","SVK","Nurses and midwives (per 1,000 people)","SH.MED.NUMW.P3","","","","","","","","","","","","","","","","","","","","","","","","","","","","","","","","","","","","","","","","","7.4228","7.2357","7.1021","6.7723","6.6204","6.3045","6.32","6.6125","6.582","6.3833","6.4058","6.2638","6.1392","6.0688","6.0715","6.0093","6.0671","5.9597","6.0156","","","",
"Slovenia","SVN","Nurses and midwives (per 1,000 people)","SH.MED.NUMW.P3","","","","","","","","","","","","","","","","","","","","","","","","","","","","","","","","","","","","","","","","","12.1638","12.6642","12.7087","13.0872","13.1469","13.2406","13.4234","13.6499","13.8482","14.1012","14.3425","14.5376","14.1671","14.3439","14.7125","14.9928","9.6972","9.9745","10.2248","","","",
"Sweden","SWE","Nurses and midwives (per 1,000 people)","SH.MED.NUMW.P3","","","","","","","","","","","","","","","","","","","","","","","","","","","","","","","","","","","","10.1095","10.0966","10.0237","10.2341","10.3663","10.2889","10.4535","10.678","10.7933","10.9905","11.1716","11.3213","11.4345","11.4697","11.489","11.5708","11.5933","11.6336","11.6651","11.6824","11.7297","11.7622","12.5813","","","","",
"Eswatini","SWZ","Nurses and midwives (per 1,000 people)","SH.MED.NUMW.P3","","","","","","","","","","","","","","","","","","","","","","","","","","","","","","","","","","","","","","","","","3.327","","","","","","","","","","","","","3.4367","3.5132","3.6014","3.7702","3.9394","4.1415","","","",
"Sint Maarten (Dutch part)","SXM","Nurses and midwives (per 1,000 people)","SH.MED.NUMW.P3","","","","","","","","","","","","","","","","","","","","","","","","","","","","","","","","","","","","","","","","","","","","","","","","","","","","","","","","","","","","","","",
"Seychelles","SYC","Nurses and midwives (per 1,000 people)","SH.MED.NUMW.P3","","","","","","","","","","","","","","","","","","","","","","","","","","","","","","","","","","","","","","","","","","","","","","4.3968","4.6257","4.5616","4.4972","","4.5126","","4.5248","","","","","","","","","",
"Syrian Arab Republic","SYR","Nurses and midwives (per 1,000 people)","SH.MED.NUMW.P3","","","","","","","","","","","","","","","","","","","","","","","","","","","","","","","","","","","","","","2.2247","2.3188","1.9053","1.9544","","1.9606","1.8506","1.9132","1.8846","","1.8904","1.8423","1.8429","1.8749","","","","2.3094","","1.5406","","","","","",
"Turks and Caicos Islands","TCA","Nurses and midwives (per 1,000 people)","SH.MED.NUMW.P3","","","","","","","","","","","","","","","","","","","","","","","","","","","","","","","","","","","","","","","","","","","","","","","","","","","","","","","","","","","","","","",
"Chad","TCD","Nurses and midwives (per 1,000 people)","SH.MED.NUMW.P3","","","","","","","","","","","","","","","","","","","","","","","","","","","","","","","","","","","","","","0.0478","0.0561","0.0596","0.1246","","","","0.2567","","0.1808","","","","","","0.2782","0.3383","0.2639","0.2525","0.2133","0.2322","","0.1377","","",
"East Asia & Pacific (IDA & IBRD countries)","TEA","Nurses and midwives (per 1,000 people)","SH.MED.NUMW.P3","","","","","","","","","","","","","","","","","","","","","","","","","","","","","","","0.793083704467431","","","","","","","","","","1.15746463184978","","","","","","","","","","","","","","","","","2.85785933812889","","","","",
"Europe & Central Asia (IDA & IBRD countries)","TEC","Nurses and midwives (per 1,000 people)","SH.MED.NUMW.P3","","","","","","","","","","","","","","","","","","","","","","","","","","","","","","","","","","","","","","","","","","","","","","","","","","","6.48695418957099","","","","","","","5.57033704032323","","","","",
"Togo","TGO","Nurses and midwives (per 1,000 people)","SH.MED.NUMW.P3","","","","","","","","","","","","","","","","","","","","","","","","","","","","","","","","","","","","","","","","","","","","","0.3543","","","0.4175","0.2985","","","","","","","0.3018","0.3169","0.4201","0.4102","0.4643","","",
"Thailand","THA","Nurses and midwives (per 1,000 people)","SH.MED.NUMW.P3","","","","","","","","","","","","","","","","","","","","","","","","","","","","","","","","0.7109","","0.8","","0.9125","","0.9264","1.0345","1.0916","","1.2282","1.3217","","1.4879","","1.5448","1.5283","1.5842","1.642","2.0643","","","","","2.3683","2.7724","2.9573","2.7593","3.1522","","",
"Tajikistan","TJK","Nurses and midwives (per 1,000 people)","SH.MED.NUMW.P3","","","","","","","","","","","","","","","","","","","","","","","","","","","","","","","5.9902","6.2184","5.8995","5.7869","5.5254","5.0172","4.9486","4.8681","4.4507","4.3613","4.1816","3.8946","3.86","3.5649","3.5267","3.464","3.5069","3.5224","3.5568","3.5968","3.9512","4.0568","4.3959","5.015","4.7534","","","","","","","",
"Turkmenistan","TKM","Nurses and midwives (per 1,000 people)","SH.MED.NUMW.P3","","","","","","","","","","","","","","","","","","","","","","","","","","","","","","","","","","","","","","","","","8.0118","7.9645","6.7833","7.2106","5.2332","4.9465","4.787","4.6034","4.5411","4.503","4.5135","4.5136","4.4963","4.4453","4.4273","","","","","","","",
"Latin America & the Caribbean (IDA & IBRD countries)","TLA","Nurses and midwives (per 1,000 people)","SH.MED.NUMW.P3","","","","","","","","","","","","","","","","","","","","","","","","","","","","","","","","","","","","","","","","","2.67512080882781","","","","","","","","","","","","","","","","","4.48006439936645","","","","",
"Timor-Leste","TLS","Nurses and midwives (per 1,000 people)","SH.MED.NUMW.P3","","","","","","","","","","","","","","","","","","","","","","","","","","","","","","","","","","","","","","","","","","","","","1.8469","","","1.0199","1.0451","1.1319","1.1477","1.1525","","","1.4025","1.4821","","1.7413","1.668","1.7555","","",
"Middle East & North Africa (IDA & IBRD countries)","TMN","Nurses and midwives (per 1,000 people)","SH.MED.NUMW.P3","","","","","","","","","","","","","","","","","","","","","","","","","","","","","","","","","","","","","","","","","","","","","","","","","","","","","","","","","","1.90338669415498","","","","",
"Tonga","TON","Nurses and midwives (per 1,000 people)","SH.MED.NUMW.P3","","","","","","","","","","","","","","","","","","","","","","","","","","","","","","","","","","","","","","","","","","3.4619","3.5354","","","","","","3.5203","3.6381","3.8462","","","4.0079","","","","","4.157","4.3349","","",
"South Asia (IDA & IBRD)","TSA","Nurses and midwives (per 1,000 people)","SH.MED.NUMW.P3","","","","","","","","","","","","","","","","","","","","","","","","","","","","","","","0.376349464533073","","","","","","","","","","1.07889510763935","","","","","","","","","","","","","","","","","1.96385295170043","","","","",
"Sub-Saharan Africa (IDA & IBRD countries)","TSS","Nurses and midwives (per 1,000 people)","SH.MED.NUMW.P3","","","","","","","","","","","","","","","","","","","","","","","","","","","","","","","","","","","","","","","","","","","","","","","","","","","0.795834337674791","","","","","","","1.00785759945712","","","","",
"Trinidad and Tobago","TTO","Nurses and midwives (per 1,000 people)","SH.MED.NUMW.P3","","","","","","","","","","","","","","","","","","","","","","","","","","","","","","","","","","","","2.9796","2.2672","2.2948","2.7273","2.8871","2.5994","2.7776","2.987","3.1007","","","3.5537","3.5743","","3.4719","2.9403","3.2772","","","","3.4832","4.2639","","","","","",
"Tunisia","TUN","Nurses and midwives (per 1,000 people)","SH.MED.NUMW.P3","","","","","","","","","","","","","","","","","","","","","","","","","","","","","","","","","","","","","","","","","","","","2.0788","2.8474","","","","2.1757","2.1528","2.2412","","","","2.6511","2.67","2.6583","2.5136","","","","",
"Turkey","TUR","Nurses and midwives (per 1,000 people)","SH.MED.NUMW.P3","","","","","","","","","","","","","","","","","","","","","","","","","","","","","","","","","","","","","","","","","1.7575","1.7806","1.748","1.7574","1.7756","1.7926","1.8487","2.0384","2.0958","2.1667","2.2829","2.4085","2.5234","2.5416","2.5284","2.6218","2.5731","2.7107","3.0027","","","",
"Tuvalu","TUV","Nurses and midwives (per 1,000 people)","SH.MED.NUMW.P3","","","","","","","","","","","","","","","","","","","","","","","","","","","","","","","","","","","","","","","","","","","4.0625","5.1546","","","","","6.2136","","","","","","","","","","","","","",
"Tanzania","TZA","Nurses and midwives (per 1,000 people)","SH.MED.NUMW.P3","","","","","","","","","","","","","","","","","","","","","","","","","","","","","","","","","","","","","","","","","","","0.3762","","","","0.2387","","","","","","0.4421","","0.4314","","","0.5843","","","","",
"Uganda","UGA","Nurses and midwives (per 1,000 people)","SH.MED.NUMW.P3","","","","","","","","","","","","","","","","","","","","","","","","","","","","","","","","","","","","","","","","","","","","","","1.3591","","","","","","","1.1811","1.3209","1.2296","1.5565","1.6401","1.4686","1.2382","","","",
"Ukraine","UKR","Nurses and midwives (per 1,000 people)","SH.MED.NUMW.P3","","","","","","","","","","","","","","","","","","","","","","","","","","","","","","","","","","","","","","","","","6.5953","6.5732","6.5594","6.5799","6.6006","6.6407","6.6503","6.6468","6.6081","7.544","7.4719","7.4711","7.5132","7.5702","6.661","","","","","","","",
"Upper middle income","UMC","Nurses and midwives (per 1,000 people)","SH.MED.NUMW.P3","","","","","","","","","","","","","","","","","","","","","","","","","","","","","","","1.1332504473432","","","","","","","","","","1.72548939536203","","","","","","","","","","","","","","","","","3.32132290964211","","","","",
"Uruguay","URY","Nurses and midwives (per 1,000 people)","SH.MED.NUMW.P3","","","","","","","","","","","","","","","","","","","","","","","","","","","","","","","","","","","","","","","","","","","","","","","2.9915","","5.8664","","","","","","","","","","9.9913","7.2173","","",
"United States","USA","Nurses and midwives (per 1,000 people)","SH.MED.NUMW.P3","","","","","","","","","","","","","","","","","","","","","","","","","","","","","","","","","","","","8.94","","","","","9.4673","","","","","9.9177","","","","","12.5927","","","","","","","14.5812","15.685","","","",
"Uzbekistan","UZB","Nurses and midwives (per 1,000 people)","SH.MED.NUMW.P3","","","","","","","","","","","","","","","","","","","","","","","","","","","","","","","11.4665","11.8806","11.9175","11.8835","10.3193","10.5832","10.9978","11.0851","10.9166","10.9277","10.9024","10.8773","10.8396","10.7753","10.6905","10.9794","10.7864","10.8724","11.1342","11.173","11.3794","11.4244","11.3964","11.3259","11.2804","","","","","","","",
"St. Vincent and the Grenadines","VCT","Nurses and midwives (per 1,000 people)","SH.MED.NUMW.P3","","","","","","","","","","","","","","","","","","","","","","","","","","","","","","","","","","","","","","2.5579","","","4.1466","4.4115","","","4.6452","","","","","","","","","9.0239","9.0358","9.505","8.411","6.3115","7.0145","","","",
"Venezuela, RB","VEN","Nurses and midwives (per 1,000 people)","SH.MED.NUMW.P3","","","","","","","","","","","","","","","","","","","","","","","","","","","","","","","","","","","","","","0.6577","","","","1.1361","","","","","","","","","","","","","","","","2.01","2.0663","","","",
"British Virgin Islands","VGB","Nurses and midwives (per 1,000 people)","SH.MED.NUMW.P3","","","","","","","","","","","","","","","","","","","","","","","","","","","","","","","","","","","","","","","","","","","","","","","","","","","","","","","","","","","","","","",
"Virgin Islands (U.S.)","VIR","Nurses and midwives (per 1,000 people)","SH.MED.NUMW.P3","","","","","","","","","","","","","","","","","","","","","","","","","","","","","","","","","","","","","","","","","","","","","","","","","","","","","","","","","","","","","","",
"Vietnam","VNM","Nurses and midwives (per 1,000 people)","SH.MED.NUMW.P3","","","","","","","","","","","","","","","","","","","","","","","","","","","","","","","","","","","","","","","","","","0.7332","0.7581","","","0.831","0.8797","0.95","1.0207","1.1081","1.2327","","1.4524","0.2867","1.4299","1.4228","1.4463","","","","","",
"Vanuatu","VUT","Nurses and midwives (per 1,000 people)","SH.MED.NUMW.P3","","","","","","","","","","","","","","","","","","","","","","","","","","","","","","","","","","","","","","2.4471","","","","","","","1.7638","","","1.5672","1.6911","","","","1.8397","","","","","","1.4247","1.4205","","",
"World","WLD","Nurses and midwives (per 1,000 people)","SH.MED.NUMW.P3","","","","","","","","","","","","","","","","","","","","","","","","","","","","","","","","","","","","","","","","","3.0793695945218","","","","","","","","","","","","","","","","","3.9612905488457","","","","",
"Samoa","WSM","Nurses and midwives (per 1,000 people)","SH.MED.NUMW.P3","","","","","","","","","","","","","","","","","","","","","","","","","","","","","","","","","","","","","","","","2.0104","","","","1.7465","","","","","1.8985","","1.5385","","1.7874","","1.8574","","","","2.4885","3.4399","","",
"Kosovo","XKX","Nurses and midwives (per 1,000 people)","SH.MED.NUMW.P3","","","","","","","","","","","","","","","","","","","","","","","","","","","","","","","","","","","","","","","","","","","","","","","","","","","","","","","","","","","","","","",
"Yemen, Rep.","YEM","Nurses and midwives (per 1,000 people)","SH.MED.NUMW.P3","","","","","","","","","","","","","","","","","","","","","","","","","","","","","","","","","","","","","","0.4148","","","","","","","0.7035","","","","","","0.7165","","","0.8649","0.8789","0.7242","0.7485","0.7682","0.7852","","","",
"South Africa","ZAF","Nurses and midwives (per 1,000 people)","SH.MED.NUMW.P3","","","","","","","","","","","","","","","","","","","","","","","","","","","","","","","","","","","","","","","3.9765","3.8994","3.8171","3.7817","3.7457","3.804","3.9005","","","","","","","","","1.1881","1.2264","1.2693","1.3315","1.3078","","","","",
"Zambia","ZMB","Nurses and midwives (per 1,000 people)","SH.MED.NUMW.P3","","","","","","","","","","","","","","","","","","","","","","","","","","","","","","","","","","","","","","","","","","","","","","0.7059","0.6875","","0.7076","0.7186","0.73","","","","","","","0.931","1.0227","","","",
"Zimbabwe","ZWE","Nurses and midwives (per 1,000 people)","SH.MED.NUMW.P3","","","","","","","","","","","","","","","","","","","","","","","","","","","","","","","1.454","","","","","1.5267","","","","","","","","","","","","","","0.9491","0.8289","1.3201","1.1846","1.4024","1.5372","1.3825","1.4","2.5972","1.9346","","","",
